[
  {
    "id": 0,
    "idcountry1": 1,
    "idcountry2" : 2,
    "group": "A",
    "date": "2022-11-20T19:00:00+0300",
    "idStadium": 0,
    "goal": "0-0",
    "history": "1-1-1"
  },
  {
    "id": 1,
    "idcountry1": 5,
    "idcountry2" : 6,
    "group": "B",
    "date": "2022-11-21T16:00:00+0300",
    "idStadium": 6,
    "goal": "0-0",
    "history": "0-0-0"
  },
  {
    "id": 2,
    "idcountry1": 3,
    "idcountry2" : 4,
    "group": "A",
    "date": "2022-11-21T19:00:00+0300",
    "idStadium": 5,
    "goal": "0-0",
    "history": "0-0-0"
  },
  {
    "id": 3,
    "idcountry1": 7,
    "idcountry2" : 8,
    "group": "B",
    "date": "2022-11-21T22:00:00+0300",
    "idStadium": 3,
    "goal": "0-0",
    "history": "1-1-0"
  },
  {
    "id": 4,
    "idcountry1": 9,
    "idcountry2" : 10,
    "group": "C",
    "date": "2022-11-22T13:00:00+0300",
    "idStadium": 2,
    "goal": "0-0",
    "history": "2-2-0"
  },
  {
    "id": 5,
    "idcountry1": 15,
    "idcountry2" : 16,
    "group": "D",
    "date": "2022-11-22T16:00:00+0300",
    "idStadium": 7,
    "goal": "0-0",
    "history": "1-0-0"
  },
  {
    "id": 6,
    "idcountry1": 11,
    "idcountry2" : 12,
    "group": "C",
    "date": "2022-11-22T19:00:00+0300",
    "idStadium": 1,
    "goal": "0-0",
    "history": "3-3-3"
  },
  {
    "id": 7,
    "idcountry1": 13,
    "idcountry2" : 14,
    "group": "D",
    "date": "2022-11-22T22:00:00+0300",
    "idStadium": 4,
    "goal": "0-0",
    "history": "3-1-1"
  },
  {
    "id": 8,
    "idcountry1": 23,
    "idcountry2" : 24,
    "group": "F",
    "date": "2022-11-23T13:00:00+0300",
    "idStadium": 0,
    "goal": "0-0",
    "history": "0-0-1"
  },
  {
    "id": 9,
    "idcountry1": 19,
    "idcountry2" : 20,
    "group": "E",
    "date": "2022-11-23T16:00:00+0300",
    "idStadium": 6,
    "goal": "0-0",
    "history": "1-1-0"
  },
  {
    "id": 10,
    "idcountry1": 17,
    "idcountry2" : 18,
    "group": "E",
    "date": "2022-11-23T19:00:00+0300",
    "idStadium": 5,
    "goal": "0-0",
    "history": "2-1-0"
  },
  {
    "id": 11,
    "idcountry1": 21,
    "idcountry2" : 22,
    "group": "F",
    "date": "2022-11-23T22:00:00+0300",
    "idStadium": 3,
    "goal": "0-0",
    "history": "1-0-0"
  },
  {
    "id": 12,
    "idcountry1": 27,
    "idcountry2" : 28,
    "group": "G",
    "date": "2022-11-24T13:00:00+0300",
    "idStadium": 4,
    "goal": "0-0",
    "history": "0-0-0"
  },
  {
    "id": 13,
    "idcountry1": 31,
    "idcountry2" : 32,
    "group": "H",
    "date": "2022-11-24T16:00:00+0300",
    "idStadium": 7,
    "goal": "0-0",
    "history": "6-1-1"
  },
  {
    "id": 14,
    "idcountry1": 29,
    "idcountry2" : 30,
    "group": "H",
    "date": "2022-11-24T19:00:00+0300",
    "idStadium": 1,
    "goal": "0-0",
    "history": "1-0-0"
  },
  {
    "id": 15,
    "idcountry1": 25,
    "idcountry2" : 26,
    "group": "G",
    "date": "2022-11-24T22:00:00+0300",
    "idStadium": 2,
    "goal": "0-0",
    "history": "2-0-0"
  },
  {
    "id": 16,
    "idcountry1": 8,
    "idcountry2" : 6,
    "group": "B",
    "date": "2022-11-25T13:00:00+0300",
    "idStadium": 3,
    "goal": "0-0",
    "history": "1-0-0"
  },
  {
    "id": 17,
    "idcountry1": 1,
    "idcountry2" : 3,
    "group": "A",
    "date": "2022-11-25T16:00:00+0300",
    "idStadium": 5,
    "goal": "0-0",
    "history": "0-0-0"
  },
  {
    "id": 18,
    "idcountry1": 4,
    "idcountry2" : 2,
    "group": "A",
    "date": "2022-11-25T19:00:00+0300",
    "idStadium": 6,
    "goal": "0-0",
    "history": "1-1-0"
  },
  {
    "id": 19,
    "idcountry1": 5,
    "idcountry2" : 7,
    "group": "B",
    "date": "2022-11-25T22:00:00+0300",
    "idStadium": 0,
    "goal": "0-0",
    "history": "8-1-2"
  },
  {
    "id": 20,
    "idcountry1": 16,
    "idcountry2" : 14,
    "group": "D",
    "date": "2022-11-26T13:00:00+0300",
    "idStadium": 4,
    "goal": "0-0",
    "history": "1-0-1"
  },
  {
    "id": 21,
    "idcountry1": 12,
    "idcountry2" : 10,
    "group": "C",
    "date": "2022-11-26T16:00:00+0300",
    "idStadium": 7,
    "goal": "0-0",
    "history": "4-0-0"
  },
  {
    "id": 22,
    "idcountry1": 13,
    "idcountry2" : 15,
    "group": "D",
    "date": "2022-11-26T19:00:00+0300",
    "idStadium": 1,
    "goal": "0-0",
    "history": "8-2-6"
  },
  {
    "id": 23,
    "idcountry1": 9,
    "idcountry2" : 11,
    "group": "C",
    "date": "2022-11-26T22:00:00+0300",
    "idStadium": 2,
    "goal": "0-0",
    "history": "16-14-5"
  },
  {
    "id": 24,
    "idcountry1": 20,
    "idcountry2" : 18,
    "group": "E",
    "date": "2022-11-27T13:00:00+0300",
    "idStadium": 3,
    "goal": "0-0",
    "history": "4-1-0"
  },
  {
    "id": 25,
    "idcountry1": 21,
    "idcountry2" : 23,
    "group": "F",
    "date": "2022-11-27T16:00:00+0300",
    "idStadium": 5,
    "goal": "0-0",
    "history": "2-0-1"
  },
  {
    "id": 26,
    "idcountry1": 24,
    "idcountry2" : 22,
    "group": "F",
    "date": "2022-11-27T19:00:00+0300",
    "idStadium": 6,
    "goal": "0-0",
    "history": "0-0-0"
  },
  {
    "id": 27,
    "idcountry1": 17,
    "idcountry2" : 19,
    "group": "E",
    "date": "2022-11-27T22:00:00+0300",
    "idStadium": 0,
    "goal": "0-0",
    "history": "8-8-9"
  },
  {
    "id": 28,
    "idcountry1": 28,
    "idcountry2" : 26,
    "group": "G",
    "date": "2022-11-28T13:00:00+0300",
    "idStadium": 4,
    "goal": "0-0",
    "history": "0-0-1"
  },
  {
    "id": 29,
    "idcountry1": 32,
    "idcountry2" : 30,
    "group": "H",
    "date": "2022-11-28T16:00:00+0300",
    "idStadium": 7,
    "goal": "0-0",
    "history": "4-0-4"
  },
  {
    "id": 30,
    "idcountry1": 25,
    "idcountry2" : 27,
    "group": "G",
    "date": "2022-11-28T19:00:00+0300",
    "idStadium": 1,
    "goal": "0-0",
    "history": "3-4-2"
  },
  {
    "id": 31,
    "idcountry1": 29,
    "idcountry2" : 31,
    "group": "H",
    "date": "2022-11-28T22:00:00+0300",
    "idStadium": 2,
    "goal": "0-0",
    "history": "1-1-1"
  },
  {
    "id": 32,
    "idcountry1": 4,
    "idcountry2" : 1,
    "group": "A",
    "date": "2022-11-29T18:00:00+0300",
    "idStadium": 0,
    "goal": "0-0",
    "history": "0-0-0"
  },
  {
    "id": 33,
    "idcountry1": 2,
    "idcountry2" : 3,
    "group": "A",
    "date": "2022-11-29T18:00:00+0300",
    "idStadium": 6,
    "goal": "0-0",
    "history": "0-0-1"
  },
  {
    "id": 34,
    "idcountry1": 8,
    "idcountry2" : 5,
    "group": "B",
    "date": "2022-11-29T22:00:00+0300",
    "idStadium": 3,
    "goal": "0-0",
    "history": "14-21-68"
  },
  {
    "id": 35,
    "idcountry1": 6,
    "idcountry2" : 7,
    "group": "B",
    "date": "2022-11-29T22:00:00+0300",
    "idStadium": 5,
    "goal": "0-0",
    "history": "1-1-0"
  },
  {
    "id": 36,
    "idcountry1": 14,
    "idcountry2" : 15,
    "group": "D",
    "date": "2022-11-30T18:00:00+0300",
    "idStadium": 4,
    "goal": "0-0",
    "history": "1-1-2"
  },
  {
    "id": 37,
    "idcountry1": 16,
    "idcountry2" : 13,
    "group": "D",
    "date": "2022-11-30T18:00:00+0300",
    "idStadium": 7,
    "goal": "0-0",
    "history": "2-4-3"
  },
  {
    "id": 38,
    "idcountry1": 12,
    "idcountry2" : 9,
    "group": "C",
    "date": "2022-11-30T22:00:00+0300",
    "idStadium": 1,
    "goal": "0-0",
    "history": "2-4-3"
  },
  {
    "id": 39,
    "idcountry1": 10,
    "idcountry2" : 11,
    "group": "C",
    "date": "2022-11-30T22:00:00+0300",
    "idStadium": 2,
    "goal": "0-0",
    "history": "0-1-4"
  },
  {
    "id": 40,
    "idcountry1": 24,
    "idcountry2" : 21,
    "group": "F",
    "date": "2022-12-1T18:00:00+0300",
    "idStadium": 3,
    "goal": "0-0",
    "history": "3-2-3"
  },
  {
    "id": 41,
    "idcountry1": 22,
    "idcountry2" : 23,
    "group": "F",
    "date": "2022-12-1T18:00:00+0300",
    "idStadium": 5,
    "goal": "0-0",
    "history": "0-1-2"
  },
  {
    "id": 42,
    "idcountry1": 18,
    "idcountry2" : 19,
    "group": "E",
    "date": "2022-12-1T22:00:00+0300",
    "idStadium": 0,
    "goal": "0-0",
    "history": "0-0-1"
  },
  {
    "id": 43,
    "idcountry1": 20,
    "idcountry2" : 17,
    "group": "E",
    "date": "2022-12-1T22:00:00+0300",
    "idStadium": 6,
    "goal": "0-0",
    "history": "0-0-1"
  },
  {
    "id": 44,
    "idcountry1": 32,
    "idcountry2" : 29,
    "group": "H",
    "date": "2022-12-2T18:00:00+0300",
    "idStadium": 7,
    "goal": "0-0",
    "history": "1-0-0"
  },
  {
    "id": 45,
    "idcountry1": 30,
    "idcountry2" : 31,
    "group": "H",
    "date": "2022-12-2T18:00:00+0300",
    "idStadium": 4,
    "goal": "0-0",
    "history": "0-0-1"
  },
  {
    "id": 46,
    "idcountry1": 26,
    "idcountry2" : 27,
    "group": "G",
    "date": "2022-12-2T22:00:00+0300",
    "idStadium": 1,
    "goal": "0-0",
    "history": "0-0-1"
  },
  {
    "id": 47,
    "idcountry1": 28,
    "idcountry2" : 25,
    "group": "G",
    "date": "2022-12-2T22:00:00+0300",
    "idStadium": 2,
    "goal": "0-0",
    "history": "1-0-5"
  }
]